id,name,email,age,country,subscription_type,last_login,credits
1,Eve Hill,eve.hill1@email.com,34,Norway,Basic,2024-01-17,224
2,Grace Lee,grace.lee2@email.com,63,Norway,Basic,2024-01-23,750
3,Kevin Wright,kevin.wright3@email.com,62,Russia,Premium,2024-01-16,2652
4,Kate Lopez,kate.lopez4@email.com,61,Colombia,Premium,2024-01-29,2466
5,George Green,george.green5@email.com,46,Ecuador,Basic,2024-01-27,169
6,Uma Allen,uma.allen6@email.com,34,Singapore,Basic,2024-01-30,732
7,Steve Adams,steve.adams7@email.com,18,Turkey,Enterprise,2024-01-27,7862
8,Noah Taylor,noah.taylor8@email.com,50,Israel,Basic,2024-01-20,277
9,Julia Martin,julia.martin9@email.com,52,Sweden,Basic,2024-01-12,555
10,Oscar King,oscar.king10@email.com,32,Peru,Basic,2024-01-06,396
11,Jack Lee,jack.lee11@email.com,41,Nigeria,Enterprise,2024-01-13,8115
12,Alice Phillips,alice.phillips12@email.com,48,Indonesia,Premium,2024-01-06,2514
13,Quinn Stewart,quinn.stewart13@email.com,31,Uruguay,Enterprise,2024-01-31,8903
14,Henry Taylor,henry.taylor14@email.com,32,Kenya,Premium,2024-01-05,2036
15,Charlie Wright,charlie.wright15@email.com,65,Egypt,Basic,2024-01-12,973
16,Quinn Lopez,quinn.lopez16@email.com,38,Belgium,Basic,2024-01-12,597
17,Alice Thomas,alice.thomas17@email.com,20,China,Basic,2024-01-11,371
18,Ivy Carter,ivy.carter18@email.com,58,Sweden,Premium,2024-01-31,1791
19,Tara Davis,tara.davis19@email.com,19,USA,Enterprise,2024-01-18,8635
20,Rose Phillips,rose.phillips20@email.com,30,Finland,Premium,2024-01-07,1047
21,Steve Rodriguez,steve.rodriguez21@email.com,54,Russia,Premium,2024-01-11,2169
22,Alice Stewart,alice.stewart22@email.com,53,Australia,Basic,2024-01-30,139
23,Tina Hill,tina.hill23@email.com,28,UK,Premium,2024-01-01,2860
24,Ivy Hall,ivy.hall24@email.com,18,Peru,Premium,2024-01-17,1060
25,Eve Evans,eve.evans25@email.com,54,Uruguay,Premium,2024-01-12,2196
26,Zara Parker,zara.parker26@email.com,55,Singapore,Premium,2024-01-11,1058
27,Bob Martinez,bob.martinez27@email.com,51,Israel,Basic,2024-01-10,231
28,Vera Phillips,vera.phillips28@email.com,61,Brazil,Premium,2024-01-15,2819
29,Tina Parker,tina.parker29@email.com,18,Canada,Enterprise,2024-01-24,9981
30,Dana Brown,dana.brown30@email.com,26,India,Premium,2024-01-16,2587
31,Ian King,ian.king31@email.com,27,Argentina,Premium,2024-01-11,1185
32,Frank Rodriguez,frank.rodriguez32@email.com,49,UK,Basic,2024-01-12,291
33,Nina Martin,nina.martin33@email.com,54,Nigeria,Premium,2024-01-08,2007
34,Liam Martin,liam.martin34@email.com,39,Hungary,Basic,2024-01-09,988
35,Zoe Lee,zoe.lee35@email.com,39,Canada,Premium,2024-01-16,2346
36,Will Johnson,will.johnson36@email.com,35,Ireland,Basic,2024-01-11,308
37,Alice Carter,alice.carter37@email.com,55,UK,Premium,2024-01-28,2839
38,Alex Smith,alex.smith38@email.com,60,Germany,Enterprise,2024-01-21,7100
39,Liam Young,liam.young39@email.com,62,France,Basic,2024-01-21,292
40,Eli Roberts,eli.roberts40@email.com,63,Colombia,Premium,2024-01-24,2246
41,Julia Collins,julia.collins41@email.com,24,Norway,Enterprise,2024-01-17,7184
42,Nina White,nina.white42@email.com,56,Colombia,Premium,2024-01-31,1223
43,Grace Evans,grace.evans43@email.com,34,Spain,Enterprise,2024-01-20,8300
44,Ian Lewis,ian.lewis44@email.com,18,Czech Republic,Enterprise,2024-01-13,8592
45,Paul Allen,paul.allen45@email.com,52,Australia,Enterprise,2024-01-21,8896
46,Steve Miller,steve.miller46@email.com,29,Netherlands,Premium,2024-01-21,2217
47,Quincy Robinson,quincy.robinson47@email.com,54,Japan,Basic,2024-01-30,495
48,Tara Wright,tara.wright48@email.com,38,Hungary,Enterprise,2024-01-29,6671
49,Eve Prince,eve.prince49@email.com,30,Malaysia,Premium,2024-01-14,1381
50,Ian Smith,ian.smith50@email.com,59,Belgium,Basic,2024-01-24,121
51,Beth Garcia,beth.garcia51@email.com,41,Russia,Basic,2024-01-02,711
52,Nina Taylor,nina.taylor52@email.com,20,Italy,Enterprise,2024-01-09,6400
53,Sam White,sam.white53@email.com,23,Poland,Basic,2024-01-25,718
54,Bob Gonzalez,bob.gonzalez54@email.com,61,Morocco,Premium,2024-01-03,1181
55,Tara Miller,tara.miller55@email.com,32,Argentina,Premium,2024-01-25,2092
56,Chris Lopez,chris.lopez56@email.com,50,Thailand,Basic,2024-01-06,818
57,Liam Perez,liam.perez57@email.com,18,Argentina,Enterprise,2024-01-17,3355
58,Penny Campbell,penny.campbell58@email.com,35,Uruguay,Premium,2024-01-22,1182
59,Tara Anderson,tara.anderson59@email.com,60,Thailand,Basic,2024-01-31,182
60,Hannah Scott,hannah.scott60@email.com,43,Norway,Enterprise,2024-01-06,4809
61,Tara Green,tara.green61@email.com,21,Indonesia,Enterprise,2024-01-21,5705
62,Xavier Harris,xavier.harris62@email.com,33,South Korea,Premium,2024-01-29,1407
63,Eli Green,eli.green63@email.com,19,Ireland,Premium,2024-01-05,2651
64,Luna Roberts,luna.roberts64@email.com,63,Argentina,Basic,2024-01-14,215
65,Jack Collins,jack.collins65@email.com,18,Canada,Enterprise,2024-01-28,8597
66,Max Campbell,max.campbell66@email.com,18,Finland,Basic,2024-01-13,865
67,Uri Perez,uri.perez67@email.com,65,Hungary,Enterprise,2024-01-21,6744
68,Jack Rodriguez,jack.rodriguez68@email.com,52,Ireland,Basic,2024-01-21,249
69,Ian Adams,ian.adams69@email.com,29,Portugal,Basic,2024-01-05,646
70,Zara Campbell,zara.campbell70@email.com,62,Japan,Enterprise,2024-01-16,6838
71,Vera Chen,vera.chen71@email.com,38,Australia,Premium,2024-01-31,2977
72,Uri Lee,uri.lee72@email.com,44,Australia,Enterprise,2024-01-21,8135
73,Yuki Lewis,yuki.lewis73@email.com,50,Venezuela,Enterprise,2024-01-20,8463
74,Zoe Young,zoe.young74@email.com,51,Peru,Basic,2024-01-08,809
75,Henry Lee,henry.lee75@email.com,22,Japan,Premium,2024-01-11,2852
76,Tina Jackson,tina.jackson76@email.com,58,Vietnam,Basic,2024-01-13,412
77,Frank Davis,frank.davis77@email.com,56,Switzerland,Basic,2024-01-16,767
78,Charlie Baker,charlie.baker78@email.com,24,Poland,Basic,2024-01-16,813
79,Nina Garcia,nina.garcia79@email.com,60,Israel,Premium,2024-01-12,2497
80,Vera Edwards,vera.edwards80@email.com,28,Japan,Premium,2024-01-21,2428
81,Uri White,uri.white81@email.com,58,Hungary,Premium,2024-01-12,2808
82,Olivia Parker,olivia.parker82@email.com,30,Japan,Basic,2024-01-09,643
83,Yann Smith,yann.smith83@email.com,59,Poland,Premium,2024-01-24,1102
84,Rachel Scott,rachel.scott84@email.com,51,India,Enterprise,2024-01-03,9545
85,Oscar Hill,oscar.hill85@email.com,51,China,Premium,2024-01-20,1515
86,Ian Jackson,ian.jackson86@email.com,41,Norway,Premium,2024-01-27,1926
87,Quincy Chen,quincy.chen87@email.com,35,Egypt,Basic,2024-01-20,230
88,Quinn Scott,quinn.scott88@email.com,65,Brazil,Enterprise,2024-01-07,6311
89,Xavier Wright,xavier.wright89@email.com,30,Turkey,Basic,2024-01-24,121
90,Rose Carter,rose.carter90@email.com,44,Israel,Premium,2024-01-03,2236
91,Grace Evans,grace.evans91@email.com,21,Indonesia,Premium,2024-01-06,1764
92,Will Brown,will.brown92@email.com,48,USA,Premium,2024-01-29,1789
93,Quinn Phillips,quinn.phillips93@email.com,60,Turkey,Enterprise,2024-01-25,6325
94,Olivia Lee,olivia.lee94@email.com,29,UK,Premium,2024-01-09,2486
95,Rachel Walker,rachel.walker95@email.com,47,Netherlands,Premium,2024-01-25,1526
96,Eve Moore,eve.moore96@email.com,20,Colombia,Premium,2024-01-24,1934
97,Steve Robinson,steve.robinson97@email.com,21,Egypt,Enterprise,2024-01-30,6447
98,Alice Phillips,alice.phillips98@email.com,34,Finland,Basic,2024-01-16,879
99,Xavier Campbell,xavier.campbell99@email.com,33,Portugal,Enterprise,2024-01-22,4062
100,Uma Rodriguez,uma.rodriguez100@email.com,27,Australia,Enterprise,2024-01-19,8547
101,Olivia Perez,olivia.perez101@email.com,57,Japan,Premium,2024-01-20,2434
102,Charlie Turner,charlie.turner102@email.com,62,Portugal,Basic,2024-01-16,135
103,Alex Mitchell,alex.mitchell103@email.com,23,Ireland,Premium,2024-01-22,1012
104,Victor Moore,victor.moore104@email.com,45,Austria,Enterprise,2024-01-21,5914
105,Steve Rodriguez,steve.rodriguez105@email.com,28,UK,Premium,2024-01-20,2324
106,Sam Roberts,sam.roberts106@email.com,57,Finland,Enterprise,2024-01-30,4792
107,Kevin Hill,kevin.hill107@email.com,46,Mexico,Basic,2024-01-04,882
108,Liam Parker,liam.parker108@email.com,53,Canada,Basic,2024-01-07,799
109,Frank Smith,frank.smith109@email.com,63,Indonesia,Premium,2024-01-20,1983
110,Liam Evans,liam.evans110@email.com,53,Netherlands,Enterprise,2024-01-22,5689
111,Diana Walker,diana.walker111@email.com,34,Morocco,Enterprise,2024-01-31,4273
112,Alex Brown,alex.brown112@email.com,31,Switzerland,Basic,2024-01-16,892
113,Oscar Brown,oscar.brown113@email.com,25,New Zealand,Basic,2024-01-29,699
114,Diana Anderson,diana.anderson114@email.com,21,Chile,Premium,2024-01-10,2345
115,Eve Brown,eve.brown115@email.com,43,Sweden,Premium,2024-01-30,2578
116,Penny Scott,penny.scott116@email.com,38,Philippines,Basic,2024-01-03,179
117,Hannah Wright,hannah.wright117@email.com,19,Australia,Premium,2024-01-25,2542
118,Zoe White,zoe.white118@email.com,42,Egypt,Enterprise,2024-01-04,8435
119,Fiona Campbell,fiona.campbell119@email.com,31,Denmark,Basic,2024-01-23,357
120,Uri Johnson,uri.johnson120@email.com,22,Norway,Premium,2024-01-04,2285
121,Diana Young,diana.young121@email.com,33,Australia,Enterprise,2024-01-16,8593
122,Sam Anderson,sam.anderson122@email.com,39,Kenya,Basic,2024-01-16,986
123,Tina Lee,tina.lee123@email.com,29,Nigeria,Enterprise,2024-01-07,7203
124,Steve Robinson,steve.robinson124@email.com,28,Norway,Basic,2024-01-15,196
125,Fiona White,fiona.white125@email.com,48,Israel,Basic,2024-01-20,955
126,Steve Hall,steve.hall126@email.com,62,Ireland,Basic,2024-01-09,966
127,Kevin Clark,kevin.clark127@email.com,60,Colombia,Enterprise,2024-01-27,4964
128,Mia Moore,mia.moore128@email.com,43,Venezuela,Enterprise,2024-01-15,5530
129,Victor Prince,victor.prince129@email.com,35,Venezuela,Basic,2024-01-01,906
130,Zoe Wright,zoe.wright130@email.com,31,Portugal,Enterprise,2024-01-31,9945
131,Luna Thompson,luna.thompson131@email.com,58,Turkey,Enterprise,2024-01-14,8115
132,Penny Nelson,penny.nelson132@email.com,34,Nigeria,Enterprise,2024-01-15,3443
133,Beth Stewart,beth.stewart133@email.com,39,Belgium,Enterprise,2024-01-14,8411
134,Dana Wright,dana.wright134@email.com,28,France,Enterprise,2024-01-21,4998
135,Luna Smith,luna.smith135@email.com,41,Ireland,Enterprise,2024-01-16,8459
136,Frank Taylor,frank.taylor136@email.com,24,Hungary,Basic,2024-01-20,974
137,Kate White,kate.white137@email.com,29,Belgium,Basic,2024-01-18,777
138,Uri Roberts,uri.roberts138@email.com,55,Finland,Premium,2024-01-06,2534
139,Rachel Hall,rachel.hall139@email.com,19,Hungary,Premium,2024-01-06,1645
140,Yann Martinez,yann.martinez140@email.com,19,South Korea,Premium,2024-01-22,1788
141,Max King,max.king141@email.com,31,Australia,Basic,2024-01-18,934
142,Zoe Anderson,zoe.anderson142@email.com,56,Australia,Enterprise,2024-01-05,6503
143,Kate Baker,kate.baker143@email.com,63,Singapore,Enterprise,2024-01-08,6002
144,Fiona Martin,fiona.martin144@email.com,34,Philippines,Enterprise,2024-01-10,3382
145,Victor Clark,victor.clark145@email.com,52,Indonesia,Basic,2024-01-14,570
146,Kate Lopez,kate.lopez146@email.com,55,Chile,Basic,2024-01-10,758
147,Yann Turner,yann.turner147@email.com,56,Ireland,Basic,2024-01-16,381
148,Ivy Thomas,ivy.thomas148@email.com,33,Colombia,Premium,2024-01-22,1327
149,Kevin Jackson,kevin.jackson149@email.com,55,Ecuador,Enterprise,2024-01-19,6528
150,Olivia Wilson,olivia.wilson150@email.com,55,Brazil,Basic,2024-01-01,900
151,Uri Perez,uri.perez151@email.com,22,Israel,Enterprise,2024-01-04,3963
152,Grace Nelson,grace.nelson152@email.com,47,China,Premium,2024-01-31,1538
153,Steve Evans,steve.evans153@email.com,52,Italy,Basic,2024-01-24,986
154,Xavier King,xavier.king154@email.com,44,Singapore,Enterprise,2024-01-29,9699
155,Quincy Stewart,quincy.stewart155@email.com,65,Brazil,Basic,2024-01-12,153
156,Penny Moore,penny.moore156@email.com,53,Thailand,Basic,2024-01-14,903
157,Luna King,luna.king157@email.com,39,Singapore,Basic,2024-01-02,867
158,Liam Miller,liam.miller158@email.com,37,Finland,Premium,2024-01-18,1364
159,Vera Davis,vera.davis159@email.com,44,New Zealand,Enterprise,2024-01-15,8891
160,Zara Hall,zara.hall160@email.com,26,Poland,Enterprise,2024-01-12,9253
161,Eli Parker,eli.parker161@email.com,57,USA,Premium,2024-01-23,2913
162,Charlie Hill,charlie.hill162@email.com,53,Indonesia,Basic,2024-01-29,123
163,Quinn Davis,quinn.davis163@email.com,46,New Zealand,Basic,2024-01-06,891
164,Rose Turner,rose.turner164@email.com,44,Australia,Premium,2024-01-18,2921
165,Charlie Taylor,charlie.taylor165@email.com,39,Thailand,Basic,2024-01-02,823
166,Liam Miller,liam.miller166@email.com,31,Argentina,Enterprise,2024-01-16,7549
167,Diana Chen,diana.chen167@email.com,49,New Zealand,Premium,2024-01-12,1639
168,Tina Wilson,tina.wilson168@email.com,46,Switzerland,Premium,2024-01-17,2957
169,Vera Gonzalez,vera.gonzalez169@email.com,31,USA,Basic,2024-01-04,470
170,Mia Garcia,mia.garcia170@email.com,63,Spain,Premium,2024-01-29,2842
171,Ian Brown,ian.brown171@email.com,27,Australia,Basic,2024-01-20,636
172,Xavier Smith,xavier.smith172@email.com,27,Mexico,Premium,2024-01-28,2986
173,Tara Lopez,tara.lopez173@email.com,25,Switzerland,Basic,2024-01-14,908
174,Noah Edwards,noah.edwards174@email.com,53,Czech Republic,Enterprise,2024-01-23,4237
175,Will Campbell,will.campbell175@email.com,61,Colombia,Basic,2024-01-22,949
176,Ian Lee,ian.lee176@email.com,60,Mexico,Premium,2024-01-09,1442
177,Xavier Baker,xavier.baker177@email.com,26,Turkey,Premium,2024-01-02,1468
178,Will Hall,will.hall178@email.com,55,Colombia,Basic,2024-01-01,365
179,Noah Baker,noah.baker179@email.com,28,Poland,Basic,2024-01-07,207
180,Xara Stewart,xara.stewart180@email.com,54,Turkey,Enterprise,2024-01-23,5478
181,Chris Thomas,chris.thomas181@email.com,27,Nigeria,Enterprise,2024-01-30,4036
182,Paul Robinson,paul.robinson182@email.com,40,Mexico,Enterprise,2024-01-11,7762
183,George Taylor,george.taylor183@email.com,50,Ecuador,Premium,2024-01-19,2983
184,Alex Thompson,alex.thompson184@email.com,37,Vietnam,Basic,2024-01-20,970
185,Henry Thomas,henry.thomas185@email.com,31,Nigeria,Enterprise,2024-01-30,9163
186,Henry Adams,henry.adams186@email.com,39,China,Enterprise,2024-01-27,8472
187,Sam Gonzalez,sam.gonzalez187@email.com,51,Russia,Premium,2024-01-22,1670
188,Ian King,ian.king188@email.com,44,South Korea,Enterprise,2024-01-02,9996
189,Alex Chen,alex.chen189@email.com,62,Israel,Basic,2024-01-01,420
190,Olivia Smith,olivia.smith190@email.com,36,France,Basic,2024-01-12,647
191,Oscar Rodriguez,oscar.rodriguez191@email.com,48,UK,Premium,2024-01-05,2323
192,Chris Campbell,chris.campbell192@email.com,40,Switzerland,Basic,2024-01-23,804
193,Wendy Davis,wendy.davis193@email.com,33,Spain,Premium,2024-01-16,1163
194,Alice Prince,alice.prince194@email.com,35,Spain,Enterprise,2024-01-26,5705
195,Yuki Perez,yuki.perez195@email.com,53,South Africa,Premium,2024-01-20,2718
196,Ian Miller,ian.miller196@email.com,46,Australia,Enterprise,2024-01-10,8057
197,Tina Brown,tina.brown197@email.com,47,Italy,Basic,2024-01-26,844
198,Ian Nelson,ian.nelson198@email.com,54,Belgium,Enterprise,2024-01-16,4127
199,Diana Turner,diana.turner199@email.com,30,Indonesia,Enterprise,2024-01-15,8887
200,Zara Nelson,zara.nelson200@email.com,35,Sweden,Enterprise,2024-01-20,5986
201,Tina Thomas,tina.thomas201@email.com,47,Switzerland,Basic,2024-01-20,311
202,Fiona Wright,fiona.wright202@email.com,28,New Zealand,Premium,2024-01-20,1269
203,Noah Miller,noah.miller203@email.com,48,Mexico,Premium,2024-01-07,1522
204,Grace Parker,grace.parker204@email.com,38,Austria,Premium,2024-01-05,2036
205,Dana Adams,dana.adams205@email.com,45,Czech Republic,Premium,2024-01-01,1064
206,Kate White,kate.white206@email.com,46,Kenya,Basic,2024-01-30,158
207,Frank White,frank.white207@email.com,55,Finland,Premium,2024-01-25,1265
208,Mia Turner,mia.turner208@email.com,29,Venezuela,Basic,2024-01-27,614
209,Olivia Nelson,olivia.nelson209@email.com,32,Peru,Premium,2024-01-09,1242
210,Oscar Clark,oscar.clark210@email.com,21,Malaysia,Enterprise,2024-01-04,6112
211,Ian Martinez,ian.martinez211@email.com,18,Ireland,Basic,2024-01-13,636
212,Bob Clark,bob.clark212@email.com,64,Germany,Basic,2024-01-05,540
213,Grace Adams,grace.adams213@email.com,30,Egypt,Premium,2024-01-21,1725
214,Chris Parker,chris.parker214@email.com,55,USA,Enterprise,2024-01-07,3043
215,Noah Young,noah.young215@email.com,49,Russia,Basic,2024-01-30,782
216,Diana Roberts,diana.roberts216@email.com,28,Brazil,Basic,2024-01-11,647
217,Noah Anderson,noah.anderson217@email.com,21,Argentina,Premium,2024-01-08,1329
218,Sam Moore,sam.moore218@email.com,26,Philippines,Basic,2024-01-10,219
219,Zara Collins,zara.collins219@email.com,51,Nigeria,Basic,2024-01-14,788
220,George Martinez,george.martinez220@email.com,50,Poland,Enterprise,2024-01-17,6228
221,Eli Baker,eli.baker221@email.com,55,Germany,Premium,2024-01-05,2783
222,Frank Campbell,frank.campbell222@email.com,55,Peru,Basic,2024-01-16,423
223,Rachel Evans,rachel.evans223@email.com,20,Ireland,Enterprise,2024-01-28,6064
224,Kate Harris,kate.harris224@email.com,27,Morocco,Enterprise,2024-01-13,5644
225,Eve Jackson,eve.jackson225@email.com,22,Brazil,Premium,2024-01-24,2285
226,Zara Wright,zara.wright226@email.com,24,Turkey,Enterprise,2024-01-01,4472
227,Sam Wilson,sam.wilson227@email.com,57,Malaysia,Premium,2024-01-04,2697
228,Chris Allen,chris.allen228@email.com,60,South Korea,Enterprise,2024-01-17,8905
229,Eve Mitchell,eve.mitchell229@email.com,57,Belgium,Enterprise,2024-01-25,8970
230,Paul Prince,paul.prince230@email.com,19,Denmark,Basic,2024-01-19,877
231,Zara Young,zara.young231@email.com,58,Austria,Basic,2024-01-21,411
232,Victor Moore,victor.moore232@email.com,39,UK,Enterprise,2024-01-02,8240
233,Victor Turner,victor.turner233@email.com,37,Spain,Basic,2024-01-19,558
234,Dana Lopez,dana.lopez234@email.com,31,Mexico,Enterprise,2024-01-25,6627
235,Frank Moore,frank.moore235@email.com,55,Egypt,Premium,2024-01-01,1497
236,Oscar Hill,oscar.hill236@email.com,19,China,Premium,2024-01-15,1991
237,Chris Harris,chris.harris237@email.com,59,South Africa,Premium,2024-01-07,1066
238,Grace Lewis,grace.lewis238@email.com,58,Singapore,Basic,2024-01-15,392
239,Henry White,henry.white239@email.com,48,Hungary,Enterprise,2024-01-03,7673
240,Quinn Chen,quinn.chen240@email.com,39,Singapore,Premium,2024-01-09,1062
241,Kate Chen,kate.chen241@email.com,56,Denmark,Basic,2024-01-19,658
242,Eli Chen,eli.chen242@email.com,45,Switzerland,Enterprise,2024-01-11,6682
243,Hannah Mitchell,hannah.mitchell243@email.com,64,Canada,Basic,2024-01-30,809
244,Diana Parker,diana.parker244@email.com,40,Turkey,Enterprise,2024-01-15,6506
245,Tara Parker,tara.parker245@email.com,62,India,Basic,2024-01-15,866
246,Wendy Thomas,wendy.thomas246@email.com,33,Uruguay,Premium,2024-01-21,2764
247,Alice Walker,alice.walker247@email.com,33,Denmark,Enterprise,2024-01-08,9068
248,Quinn Walker,quinn.walker248@email.com,32,Denmark,Enterprise,2024-01-10,3497
249,Fiona Davis,fiona.davis249@email.com,51,Turkey,Basic,2024-01-07,839
250,Jack Martin,jack.martin250@email.com,24,Ecuador,Enterprise,2024-01-27,4405
251,Zara Stewart,zara.stewart251@email.com,64,Canada,Premium,2024-01-19,1770
252,Kevin Mitchell,kevin.mitchell252@email.com,44,Vietnam,Enterprise,2024-01-04,3990
253,Oscar Carter,oscar.carter253@email.com,43,Netherlands,Enterprise,2024-01-17,5337
254,Yann Brown,yann.brown254@email.com,33,Peru,Premium,2024-01-12,2861
255,Sam Harris,sam.harris255@email.com,49,South Africa,Premium,2024-01-19,2062
256,Beth Edwards,beth.edwards256@email.com,58,Argentina,Premium,2024-01-20,2178
257,Paul Collins,paul.collins257@email.com,52,Norway,Basic,2024-01-05,455
258,Alice Thompson,alice.thompson258@email.com,64,Vietnam,Enterprise,2024-01-02,9773
259,Julia Green,julia.green259@email.com,55,Austria,Basic,2024-01-01,709
260,Quincy Brown,quincy.brown260@email.com,44,Japan,Premium,2024-01-16,2037
261,Paul Prince,paul.prince261@email.com,24,Venezuela,Basic,2024-01-27,463
262,Kevin Young,kevin.young262@email.com,53,South Africa,Basic,2024-01-30,709
263,Penny Hill,penny.hill263@email.com,55,Turkey,Premium,2024-01-02,1883
264,Zara Allen,zara.allen264@email.com,43,Kenya,Premium,2024-01-30,2677
265,Paul Gonzalez,paul.gonzalez265@email.com,22,Venezuela,Enterprise,2024-01-09,8123
266,Quinn King,quinn.king266@email.com,26,Spain,Basic,2024-01-25,472
267,Olivia Taylor,olivia.taylor267@email.com,48,South Africa,Premium,2024-01-08,1436
268,Olivia Allen,olivia.allen268@email.com,29,France,Basic,2024-01-04,202
269,Ian Anderson,ian.anderson269@email.com,31,Greece,Enterprise,2024-01-25,8382
270,Quinn Parker,quinn.parker270@email.com,20,Malaysia,Enterprise,2024-01-05,5879
271,Noah Wright,noah.wright271@email.com,26,New Zealand,Basic,2024-01-29,797
272,Zara Thomas,zara.thomas272@email.com,32,France,Premium,2024-01-06,2346
273,Bob Robinson,bob.robinson273@email.com,50,Uruguay,Enterprise,2024-01-19,6317
274,Henry Baker,henry.baker274@email.com,47,Nigeria,Basic,2024-01-13,982
275,Wendy Prince,wendy.prince275@email.com,41,UK,Enterprise,2024-01-31,3512
276,Steve Green,steve.green276@email.com,33,Egypt,Basic,2024-01-05,838
277,Xavier Mitchell,xavier.mitchell277@email.com,21,Uruguay,Enterprise,2024-01-23,3414
278,Steve Scott,steve.scott278@email.com,55,Indonesia,Premium,2024-01-24,1597
279,Uri Edwards,uri.edwards279@email.com,23,Greece,Enterprise,2024-01-19,7187
280,Nina Turner,nina.turner280@email.com,31,Poland,Basic,2024-01-11,721
281,Wendy Adams,wendy.adams281@email.com,29,Germany,Premium,2024-01-07,1562
282,Henry Collins,henry.collins282@email.com,18,South Africa,Enterprise,2024-01-21,8701
283,Liam Green,liam.green283@email.com,37,Canada,Premium,2024-01-24,2718
284,Max Stewart,max.stewart284@email.com,21,India,Basic,2024-01-25,235
285,Ian Lopez,ian.lopez285@email.com,35,Malaysia,Premium,2024-01-23,1546
286,Will White,will.white286@email.com,27,Australia,Enterprise,2024-01-06,9103
287,Tina Gonzalez,tina.gonzalez287@email.com,50,New Zealand,Enterprise,2024-01-09,7227
288,Alex Perez,alex.perez288@email.com,42,South Korea,Premium,2024-01-28,1765
289,Penny Lee,penny.lee289@email.com,46,France,Basic,2024-01-28,645
290,Oscar Smith,oscar.smith290@email.com,42,South Africa,Premium,2024-01-22,1428
291,Zara Thompson,zara.thompson291@email.com,19,Poland,Enterprise,2024-01-29,6980
292,Beth Collins,beth.collins292@email.com,54,Norway,Enterprise,2024-01-02,9480
293,Zara Green,zara.green293@email.com,46,Chile,Basic,2024-01-05,611
294,Penny Gonzalez,penny.gonzalez294@email.com,48,Ireland,Basic,2024-01-15,281
295,Tara Taylor,tara.taylor295@email.com,28,France,Premium,2024-01-10,2941
296,Kate Moore,kate.moore296@email.com,50,Germany,Basic,2024-01-12,749
297,Grace White,grace.white297@email.com,45,Chile,Basic,2024-01-15,595
298,Alex Perez,alex.perez298@email.com,60,Chile,Basic,2024-01-28,374
299,Dana Martin,dana.martin299@email.com,21,Austria,Enterprise,2024-01-31,5670
300,Rachel Edwards,rachel.edwards300@email.com,33,Egypt,Enterprise,2024-01-30,3691
301,Xavier Roberts,xavier.roberts301@email.com,63,Germany,Premium,2024-01-01,1121
302,Henry Martin,henry.martin302@email.com,19,Canada,Enterprise,2024-01-18,3332
303,Eve Johnson,eve.johnson303@email.com,58,Thailand,Basic,2024-01-10,938
304,Grace Lopez,grace.lopez304@email.com,58,Kenya,Basic,2024-01-26,745
305,Chris Mitchell,chris.mitchell305@email.com,48,Australia,Basic,2024-01-30,296
306,Uri Turner,uri.turner306@email.com,51,Vietnam,Basic,2024-01-19,755
307,Grace Wilson,grace.wilson307@email.com,50,Indonesia,Enterprise,2024-01-31,9036
308,Grace Lee,grace.lee308@email.com,20,South Korea,Premium,2024-01-17,1373
309,Ivy Robinson,ivy.robinson309@email.com,32,Vietnam,Enterprise,2024-01-03,5219
310,Beth Evans,beth.evans310@email.com,29,Germany,Basic,2024-01-26,228
311,Yann Stewart,yann.stewart311@email.com,59,Mexico,Enterprise,2024-01-16,9057
312,Alex Anderson,alex.anderson312@email.com,36,India,Premium,2024-01-24,2973
313,Luna Wright,luna.wright313@email.com,49,France,Enterprise,2024-01-02,6049
314,Beth Prince,beth.prince314@email.com,49,Spain,Premium,2024-01-30,2981
315,Bob Evans,bob.evans315@email.com,28,Vietnam,Premium,2024-01-27,1402
316,Fiona Phillips,fiona.phillips316@email.com,22,Argentina,Enterprise,2024-01-20,9813
317,Zoe Phillips,zoe.phillips317@email.com,35,Kenya,Basic,2024-01-07,924
318,Alice Lopez,alice.lopez318@email.com,34,Argentina,Basic,2024-01-12,815
319,Rachel Thompson,rachel.thompson319@email.com,44,Chile,Premium,2024-01-19,1730
320,Eli Parker,eli.parker320@email.com,43,Argentina,Basic,2024-01-26,170
321,Grace Anderson,grace.anderson321@email.com,46,Finland,Basic,2024-01-24,326
322,Henry Mitchell,henry.mitchell322@email.com,49,France,Premium,2024-01-16,1878
323,Charlie Roberts,charlie.roberts323@email.com,63,South Korea,Premium,2024-01-27,2630
324,Xavier Lee,xavier.lee324@email.com,53,China,Premium,2024-01-30,2054
325,Zara Stewart,zara.stewart325@email.com,30,Russia,Basic,2024-01-01,318
326,Alice Johnson,alice.johnson326@email.com,57,New Zealand,Premium,2024-01-30,2606
327,George Adams,george.adams327@email.com,18,Portugal,Premium,2024-01-09,1322
328,Ian White,ian.white328@email.com,25,Belgium,Basic,2024-01-21,963
329,Nina Parker,nina.parker329@email.com,26,UK,Enterprise,2024-01-18,9027
330,Xavier Thomas,xavier.thomas330@email.com,26,Canada,Enterprise,2024-01-21,7374
331,Sam Rodriguez,sam.rodriguez331@email.com,36,France,Basic,2024-01-18,681
332,Grace Thomas,grace.thomas332@email.com,21,Portugal,Premium,2024-01-21,1688
333,Noah Chen,noah.chen333@email.com,20,Venezuela,Enterprise,2024-01-18,4096
334,Dana Taylor,dana.taylor334@email.com,48,Japan,Basic,2024-01-20,393
335,Fiona Harris,fiona.harris335@email.com,31,Ireland,Basic,2024-01-12,667
336,Noah King,noah.king336@email.com,34,Netherlands,Enterprise,2024-01-29,4376
337,Luna Martin,luna.martin337@email.com,19,Colombia,Premium,2024-01-14,1526
338,Xavier Garcia,xavier.garcia338@email.com,39,South Korea,Basic,2024-01-03,315
339,Victor Davis,victor.davis339@email.com,18,Austria,Premium,2024-01-15,2324
340,Henry Green,henry.green340@email.com,29,Thailand,Basic,2024-01-01,470
341,Bob Brown,bob.brown341@email.com,42,New Zealand,Premium,2024-01-15,1565
342,Will Jackson,will.jackson342@email.com,51,Mexico,Enterprise,2024-01-05,6494
343,Chris Collins,chris.collins343@email.com,54,Turkey,Basic,2024-01-09,697
344,Frank Allen,frank.allen344@email.com,53,South Korea,Enterprise,2024-01-20,3767
345,Fiona Young,fiona.young345@email.com,41,Brazil,Basic,2024-01-24,627
346,Grace Taylor,grace.taylor346@email.com,22,Israel,Enterprise,2024-01-15,8701
347,Tina Jackson,tina.jackson347@email.com,56,Denmark,Premium,2024-01-12,2613
348,Kevin Chen,kevin.chen348@email.com,44,South Africa,Enterprise,2024-01-16,5291
349,Tina Collins,tina.collins349@email.com,44,Morocco,Enterprise,2024-01-18,3592
350,Paul Martin,paul.martin350@email.com,31,Singapore,Premium,2024-01-19,2609
351,Quincy Miller,quincy.miller351@email.com,59,Russia,Enterprise,2024-01-19,5602
352,Sam Miller,sam.miller352@email.com,59,Finland,Enterprise,2024-01-18,5738
353,Wendy Phillips,wendy.phillips353@email.com,54,Indonesia,Premium,2024-01-28,2262
354,Tara Brown,tara.brown354@email.com,61,Philippines,Basic,2024-01-25,696
355,George Edwards,george.edwards355@email.com,48,Philippines,Premium,2024-01-05,2199
356,Max Parker,max.parker356@email.com,61,Poland,Enterprise,2024-01-28,9763
357,Xara Martinez,xara.martinez357@email.com,54,Mexico,Premium,2024-01-17,1222
358,Yann Martin,yann.martin358@email.com,29,South Africa,Basic,2024-01-07,571
359,Max Jackson,max.jackson359@email.com,29,Poland,Premium,2024-01-11,2494
360,Victor Lopez,victor.lopez360@email.com,42,Norway,Basic,2024-01-17,820
361,Quinn Hill,quinn.hill361@email.com,39,Uruguay,Basic,2024-01-30,182
362,Yann Jackson,yann.jackson362@email.com,38,Indonesia,Basic,2024-01-27,717
363,Hannah Parker,hannah.parker363@email.com,24,Belgium,Enterprise,2024-01-10,8694
364,Eli Edwards,eli.edwards364@email.com,28,Ecuador,Premium,2024-01-11,2250
365,Olivia Adams,olivia.adams365@email.com,52,Chile,Basic,2024-01-31,170
366,Eve Anderson,eve.anderson366@email.com,32,Chile,Premium,2024-01-01,2305
367,Alex Clark,alex.clark367@email.com,18,Peru,Premium,2024-01-24,2777
368,Rose Harris,rose.harris368@email.com,26,Ireland,Premium,2024-01-30,2720
369,Uri Anderson,uri.anderson369@email.com,33,Ireland,Enterprise,2024-01-26,7700
370,Yuki Robinson,yuki.robinson370@email.com,19,Italy,Premium,2024-01-18,2826
371,Grace Hill,grace.hill371@email.com,63,South Korea,Premium,2024-01-13,1614
372,Eli Moore,eli.moore372@email.com,21,Ecuador,Basic,2024-01-26,422
373,Chris Clark,chris.clark373@email.com,32,Ireland,Enterprise,2024-01-24,5223
374,Max Johnson,max.johnson374@email.com,26,France,Premium,2024-01-02,2342
375,Oscar Evans,oscar.evans375@email.com,54,Poland,Premium,2024-01-29,1416
376,George Johnson,george.johnson376@email.com,50,Portugal,Basic,2024-01-06,789
377,Charlie Smith,charlie.smith377@email.com,32,Norway,Premium,2024-01-02,1215
378,Charlie Davis,charlie.davis378@email.com,46,UK,Premium,2024-01-31,1886
379,Kate Phillips,kate.phillips379@email.com,28,South Africa,Basic,2024-01-13,643
380,Bob Robinson,bob.robinson380@email.com,49,Venezuela,Premium,2024-01-14,1921
381,Alex Chen,alex.chen381@email.com,60,USA,Premium,2024-01-08,1894
382,Noah Allen,noah.allen382@email.com,31,Germany,Premium,2024-01-10,1217
383,Yann Garcia,yann.garcia383@email.com,34,Brazil,Premium,2024-01-12,2584
384,Mia Wilson,mia.wilson384@email.com,56,Spain,Enterprise,2024-01-04,5791
385,Quinn Martin,quinn.martin385@email.com,39,Philippines,Basic,2024-01-22,405
386,Alex Lopez,alex.lopez386@email.com,46,Russia,Premium,2024-01-17,1721
387,Quincy Prince,quincy.prince387@email.com,35,Israel,Enterprise,2024-01-25,5680
388,Alex Davis,alex.davis388@email.com,45,China,Enterprise,2024-01-21,3130
389,Zoe Robinson,zoe.robinson389@email.com,20,Mexico,Basic,2024-01-27,737
390,Dana White,dana.white390@email.com,36,Austria,Premium,2024-01-30,2634
391,Quinn Miller,quinn.miller391@email.com,49,Russia,Premium,2024-01-11,1332
392,Diana Turner,diana.turner392@email.com,24,Mexico,Basic,2024-01-08,354
393,Uma Rodriguez,uma.rodriguez393@email.com,18,Italy,Basic,2024-01-17,711
394,Quincy Smith,quincy.smith394@email.com,57,Argentina,Premium,2024-01-11,1549
395,Yann Stewart,yann.stewart395@email.com,49,South Korea,Enterprise,2024-01-10,8355
396,George Lewis,george.lewis396@email.com,41,Spain,Basic,2024-01-02,750
397,Olivia Harris,olivia.harris397@email.com,37,Argentina,Basic,2024-01-24,847
398,Fiona Garcia,fiona.garcia398@email.com,28,Germany,Enterprise,2024-01-19,8230
399,Paul Nelson,paul.nelson399@email.com,55,Spain,Enterprise,2024-01-23,3435
400,Yann Davis,yann.davis400@email.com,33,France,Enterprise,2024-01-28,3200
401,Ian Lewis,ian.lewis401@email.com,39,Kenya,Enterprise,2024-01-10,9155
402,Henry Nelson,henry.nelson402@email.com,52,Indonesia,Basic,2024-01-23,266
403,Yann Phillips,yann.phillips403@email.com,45,Japan,Enterprise,2024-01-07,5883
404,Quincy Green,quincy.green404@email.com,52,Morocco,Basic,2024-01-10,723
405,Rose Smith,rose.smith405@email.com,41,Colombia,Enterprise,2024-01-23,7558
406,Quinn Gonzalez,quinn.gonzalez406@email.com,38,Egypt,Basic,2024-01-02,894
407,Uri Green,uri.green407@email.com,36,UK,Enterprise,2024-01-17,3346
408,Jack Rodriguez,jack.rodriguez408@email.com,24,Germany,Premium,2024-01-05,2777
409,Rachel Scott,rachel.scott409@email.com,64,Portugal,Premium,2024-01-21,2747
410,Fiona Edwards,fiona.edwards410@email.com,36,China,Enterprise,2024-01-29,5293
411,Xavier Hill,xavier.hill411@email.com,32,Uruguay,Premium,2024-01-21,1999
412,Tina White,tina.white412@email.com,30,India,Basic,2024-01-10,714
413,Wendy Walker,wendy.walker413@email.com,30,Indonesia,Premium,2024-01-14,1275
414,Chris Edwards,chris.edwards414@email.com,52,Greece,Premium,2024-01-08,2108
415,Sam Roberts,sam.roberts415@email.com,44,Australia,Premium,2024-01-20,2018
416,Vera Turner,vera.turner416@email.com,21,Ireland,Enterprise,2024-01-25,4050
417,Xavier Hill,xavier.hill417@email.com,22,Finland,Enterprise,2024-01-12,4726
418,Alex Edwards,alex.edwards418@email.com,31,Portugal,Basic,2024-01-11,874
419,Wendy Johnson,wendy.johnson419@email.com,50,Chile,Enterprise,2024-01-06,6406
420,Kate Parker,kate.parker420@email.com,53,Ireland,Premium,2024-01-11,2540
421,Wendy Harris,wendy.harris421@email.com,61,France,Enterprise,2024-01-13,9489
422,Ivy Campbell,ivy.campbell422@email.com,40,South Africa,Premium,2024-01-07,1056
423,Kevin Carter,kevin.carter423@email.com,38,Peru,Premium,2024-01-13,1102
424,Xavier Jackson,xavier.jackson424@email.com,22,Ecuador,Basic,2024-01-13,421
425,Julia Lewis,julia.lewis425@email.com,18,Hungary,Enterprise,2024-01-12,6439
426,Ivy Adams,ivy.adams426@email.com,19,Canada,Enterprise,2024-01-24,5273
427,Sam Mitchell,sam.mitchell427@email.com,65,Czech Republic,Enterprise,2024-01-10,3546
428,Mia Gonzalez,mia.gonzalez428@email.com,59,Egypt,Premium,2024-01-02,2635
429,Zara Perez,zara.perez429@email.com,65,Belgium,Premium,2024-01-06,1306
430,Vera Garcia,vera.garcia430@email.com,31,Ecuador,Premium,2024-01-26,1411
431,Liam Baker,liam.baker431@email.com,60,Sweden,Enterprise,2024-01-02,5733
432,Henry Johnson,henry.johnson432@email.com,26,Sweden,Basic,2024-01-27,906
433,Rachel Edwards,rachel.edwards433@email.com,26,Ecuador,Enterprise,2024-01-23,7854
434,Dana Jackson,dana.jackson434@email.com,24,Peru,Premium,2024-01-07,2984
435,Quincy Harris,quincy.harris435@email.com,44,Switzerland,Basic,2024-01-24,825
436,Tina Evans,tina.evans436@email.com,18,Portugal,Basic,2024-01-15,325
437,Sam Carter,sam.carter437@email.com,45,Greece,Basic,2024-01-28,136
438,Xavier Walker,xavier.walker438@email.com,25,Australia,Enterprise,2024-01-18,7073
439,Luna Jackson,luna.jackson439@email.com,53,USA,Enterprise,2024-01-23,8645
440,Zoe Brown,zoe.brown440@email.com,20,Germany,Enterprise,2024-01-18,4371
441,Victor Hill,victor.hill441@email.com,43,Turkey,Premium,2024-01-19,1801
442,Beth Gonzalez,beth.gonzalez442@email.com,25,Austria,Premium,2024-01-29,2342
443,Grace Evans,grace.evans443@email.com,38,Portugal,Basic,2024-01-11,124
444,Bob Stewart,bob.stewart444@email.com,34,Kenya,Enterprise,2024-01-07,9963
445,Tina Anderson,tina.anderson445@email.com,22,Canada,Premium,2024-01-18,2429
446,Rachel Martinez,rachel.martinez446@email.com,27,Morocco,Premium,2024-01-16,2221
447,Eli Johnson,eli.johnson447@email.com,49,Israel,Enterprise,2024-01-19,4134
448,Xara Roberts,xara.roberts448@email.com,58,Japan,Enterprise,2024-01-16,7425
449,Eli Scott,eli.scott449@email.com,18,China,Basic,2024-01-16,102
450,Rachel Lee,rachel.lee450@email.com,21,Netherlands,Enterprise,2024-01-15,7337
451,Diana Martinez,diana.martinez451@email.com,19,Vietnam,Basic,2024-01-26,938
452,Rachel Baker,rachel.baker452@email.com,37,Brazil,Premium,2024-01-06,2916
453,Chris Rodriguez,chris.rodriguez453@email.com,41,India,Enterprise,2024-01-26,6519
454,Mia Brown,mia.brown454@email.com,34,Colombia,Basic,2024-01-18,851
455,Fiona Prince,fiona.prince455@email.com,50,Switzerland,Enterprise,2024-01-25,9180
456,Zoe Brown,zoe.brown456@email.com,54,UK,Enterprise,2024-01-08,8009
457,Beth Young,beth.young457@email.com,23,Malaysia,Basic,2024-01-09,869
458,Eli Parker,eli.parker458@email.com,49,Singapore,Basic,2024-01-10,208
459,Beth Green,beth.green459@email.com,36,Czech Republic,Enterprise,2024-01-31,7262
460,Fiona Adams,fiona.adams460@email.com,24,Denmark,Enterprise,2024-01-25,8446
461,Alice Phillips,alice.phillips461@email.com,25,Sweden,Enterprise,2024-01-09,9300
462,Zara Robinson,zara.robinson462@email.com,61,USA,Enterprise,2024-01-10,4556
463,Noah Thomas,noah.thomas463@email.com,44,Brazil,Premium,2024-01-16,1886
464,Beth Edwards,beth.edwards464@email.com,45,Portugal,Premium,2024-01-22,1120
465,Kevin Anderson,kevin.anderson465@email.com,44,South Africa,Basic,2024-01-05,176
466,Uma Scott,uma.scott466@email.com,60,Spain,Basic,2024-01-17,879
467,Alex Harris,alex.harris467@email.com,49,Finland,Basic,2024-01-02,524
468,Jack Davis,jack.davis468@email.com,47,Morocco,Basic,2024-01-20,228
469,Victor Smith,victor.smith469@email.com,33,Germany,Enterprise,2024-01-04,9962
470,Tara Robinson,tara.robinson470@email.com,48,Denmark,Enterprise,2024-01-04,5136
471,Yann Nelson,yann.nelson471@email.com,58,Czech Republic,Premium,2024-01-12,1179
472,Penny Campbell,penny.campbell472@email.com,31,Brazil,Premium,2024-01-02,1686
473,Luna Lewis,luna.lewis473@email.com,62,Italy,Basic,2024-01-27,514
474,Nina Lewis,nina.lewis474@email.com,28,Belgium,Enterprise,2024-01-13,5412
475,Bob Anderson,bob.anderson475@email.com,51,Poland,Premium,2024-01-18,2675
476,Mia Lewis,mia.lewis476@email.com,23,Vietnam,Basic,2024-01-19,672
477,Steve Brown,steve.brown477@email.com,26,Norway,Basic,2024-01-26,209
478,Alice Johnson,alice.johnson478@email.com,19,USA,Premium,2024-01-20,1590
479,Rachel White,rachel.white479@email.com,22,Spain,Enterprise,2024-01-01,3456
480,Olivia Scott,olivia.scott480@email.com,28,Finland,Enterprise,2024-01-16,9497
481,Tara Clark,tara.clark481@email.com,48,Uruguay,Basic,2024-01-17,966
482,Mia Davis,mia.davis482@email.com,50,Uruguay,Enterprise,2024-01-20,9954
483,Grace Walker,grace.walker483@email.com,62,Venezuela,Premium,2024-01-01,1049
484,Nina Allen,nina.allen484@email.com,52,Philippines,Premium,2024-01-06,1840
485,Kevin Carter,kevin.carter485@email.com,23,Switzerland,Basic,2024-01-20,144
486,Charlie Allen,charlie.allen486@email.com,49,Belgium,Enterprise,2024-01-23,6373
487,Oscar Young,oscar.young487@email.com,25,Egypt,Enterprise,2024-01-18,3651
488,Fiona Rodriguez,fiona.rodriguez488@email.com,45,Switzerland,Premium,2024-01-02,1357
489,Zara Wilson,zara.wilson489@email.com,23,Egypt,Basic,2024-01-15,583
490,Kevin Wilson,kevin.wilson490@email.com,38,Sweden,Premium,2024-01-01,1037
491,Julia King,julia.king491@email.com,19,Uruguay,Premium,2024-01-17,1849
492,Ian Brown,ian.brown492@email.com,23,Thailand,Enterprise,2024-01-17,7512
493,Nina Turner,nina.turner493@email.com,20,South Africa,Enterprise,2024-01-05,6199
494,Max Miller,max.miller494@email.com,59,South Africa,Basic,2024-01-16,259
495,Tara Clark,tara.clark495@email.com,24,Japan,Enterprise,2024-01-18,7039
496,Vera Nelson,vera.nelson496@email.com,38,Norway,Premium,2024-01-17,1380
497,Penny Phillips,penny.phillips497@email.com,38,Italy,Basic,2024-01-14,737
498,Noah Stewart,noah.stewart498@email.com,39,Czech Republic,Premium,2024-01-10,1580
499,Tara Roberts,tara.roberts499@email.com,55,Greece,Premium,2024-01-06,2011
500,Xara Edwards,xara.edwards500@email.com,23,Peru,Basic,2024-01-06,510
501,Rose Robinson,rose.robinson501@email.com,59,Ireland,Enterprise,2024-01-16,5927
502,Max Brown,max.brown502@email.com,37,Portugal,Premium,2024-01-18,2205
503,Tara Perez,tara.perez503@email.com,45,France,Premium,2024-01-04,1230
504,Steve Walker,steve.walker504@email.com,21,Chile,Enterprise,2024-01-17,3228
505,Mia Walker,mia.walker505@email.com,54,Brazil,Basic,2024-01-24,311
506,Chris Gonzalez,chris.gonzalez506@email.com,24,Israel,Enterprise,2024-01-20,5323
507,Quincy Evans,quincy.evans507@email.com,52,Norway,Basic,2024-01-21,338
508,Beth Taylor,beth.taylor508@email.com,42,Germany,Enterprise,2024-01-12,8553
509,Chris Edwards,chris.edwards509@email.com,19,Switzerland,Premium,2024-01-06,1476
510,Kevin Thompson,kevin.thompson510@email.com,41,Austria,Basic,2024-01-11,308
511,Henry King,henry.king511@email.com,28,Philippines,Basic,2024-01-08,435
512,Mia King,mia.king512@email.com,39,Belgium,Enterprise,2024-01-26,5753
513,Diana Martinez,diana.martinez513@email.com,52,Singapore,Premium,2024-01-03,1677
514,Eve Gonzalez,eve.gonzalez514@email.com,58,Venezuela,Basic,2024-01-26,482
515,Eve Miller,eve.miller515@email.com,52,Singapore,Basic,2024-01-30,577
516,Will Moore,will.moore516@email.com,36,Egypt,Enterprise,2024-01-12,5756
517,Fiona Johnson,fiona.johnson517@email.com,36,South Africa,Premium,2024-01-23,2587
518,Xara Scott,xara.scott518@email.com,37,Argentina,Premium,2024-01-01,2004
519,Victor Roberts,victor.roberts519@email.com,39,Finland,Basic,2024-01-18,735
520,Oscar King,oscar.king520@email.com,62,Philippines,Enterprise,2024-01-08,3593
521,Liam Miller,liam.miller521@email.com,64,Ireland,Basic,2024-01-30,363
522,Zara Adams,zara.adams522@email.com,32,Brazil,Enterprise,2024-01-29,5575
523,Kate Baker,kate.baker523@email.com,24,Argentina,Premium,2024-01-17,2789
524,Frank Brown,frank.brown524@email.com,61,Hungary,Basic,2024-01-25,381
525,Julia Mitchell,julia.mitchell525@email.com,52,Ireland,Basic,2024-01-01,752
526,Henry Adams,henry.adams526@email.com,41,UK,Basic,2024-01-07,908
527,Bob Martinez,bob.martinez527@email.com,56,Ecuador,Enterprise,2024-01-20,3389
528,Quinn Walker,quinn.walker528@email.com,35,Japan,Basic,2024-01-05,315
529,Hannah Nelson,hannah.nelson529@email.com,33,Philippines,Basic,2024-01-20,130
530,Luna Martin,luna.martin530@email.com,20,India,Basic,2024-01-24,234
531,Uma Evans,uma.evans531@email.com,26,Finland,Basic,2024-01-31,580
532,Sam Collins,sam.collins532@email.com,51,Netherlands,Premium,2024-01-16,1135
533,Alice Gonzalez,alice.gonzalez533@email.com,33,Vietnam,Premium,2024-01-29,2809
534,Fiona Mitchell,fiona.mitchell534@email.com,41,Ecuador,Basic,2024-01-08,623
535,Steve Walker,steve.walker535@email.com,23,India,Enterprise,2024-01-03,9780
536,Victor Hall,victor.hall536@email.com,29,South Korea,Premium,2024-01-29,1942
537,Steve Taylor,steve.taylor537@email.com,63,Kenya,Premium,2024-01-26,2477
538,Steve White,steve.white538@email.com,32,Colombia,Basic,2024-01-11,174
539,Tina Turner,tina.turner539@email.com,23,Singapore,Premium,2024-01-05,2873
540,Charlie Campbell,charlie.campbell540@email.com,34,Morocco,Basic,2024-01-05,548
541,Julia Rodriguez,julia.rodriguez541@email.com,47,Philippines,Premium,2024-01-29,2747
542,Yuki Hall,yuki.hall542@email.com,45,Switzerland,Enterprise,2024-01-09,7642
543,Kevin Hill,kevin.hill543@email.com,44,Turkey,Premium,2024-01-16,2230
544,Chris Martinez,chris.martinez544@email.com,21,Italy,Enterprise,2024-01-08,5145
545,Hannah Green,hannah.green545@email.com,34,Germany,Enterprise,2024-01-19,8526
546,Charlie Martinez,charlie.martinez546@email.com,41,USA,Enterprise,2024-01-02,6620
547,Nina Baker,nina.baker547@email.com,37,Peru,Premium,2024-01-01,1801
548,Quincy Wilson,quincy.wilson548@email.com,33,South Korea,Enterprise,2024-01-29,4661
549,Liam Turner,liam.turner549@email.com,48,Hungary,Enterprise,2024-01-27,8962
550,Bob Rodriguez,bob.rodriguez550@email.com,53,Ireland,Premium,2024-01-08,2155
551,Tina Moore,tina.moore551@email.com,34,South Korea,Enterprise,2024-01-21,6644
552,Will Nelson,will.nelson552@email.com,58,Netherlands,Enterprise,2024-01-29,5280
553,Zara Young,zara.young553@email.com,24,Kenya,Basic,2024-01-15,612
554,Beth Martinez,beth.martinez554@email.com,28,Mexico,Enterprise,2024-01-30,9448
555,Eve Scott,eve.scott555@email.com,30,Greece,Premium,2024-01-03,1535
556,Penny Turner,penny.turner556@email.com,54,Philippines,Enterprise,2024-01-14,9331
557,Kevin Smith,kevin.smith557@email.com,51,Poland,Enterprise,2024-01-27,6884
558,Eli Mitchell,eli.mitchell558@email.com,37,Finland,Basic,2024-01-01,637
559,Will Hall,will.hall559@email.com,55,Peru,Premium,2024-01-11,2123
560,Eli Rodriguez,eli.rodriguez560@email.com,22,Venezuela,Premium,2024-01-13,1697
561,Ian Scott,ian.scott561@email.com,57,France,Basic,2024-01-19,232
562,Kate Phillips,kate.phillips562@email.com,32,Colombia,Enterprise,2024-01-11,3228
563,Tina Smith,tina.smith563@email.com,62,Greece,Basic,2024-01-12,677
564,Frank Young,frank.young564@email.com,19,Morocco,Enterprise,2024-01-02,3370
565,Vera Parker,vera.parker565@email.com,27,USA,Premium,2024-01-14,1207
566,Kevin Turner,kevin.turner566@email.com,37,Austria,Enterprise,2024-01-06,3942
567,Uma Phillips,uma.phillips567@email.com,34,Denmark,Basic,2024-01-02,504
568,Penny Edwards,penny.edwards568@email.com,37,Argentina,Basic,2024-01-13,836
569,Rachel Green,rachel.green569@email.com,35,Spain,Basic,2024-01-12,714
570,Uri Taylor,uri.taylor570@email.com,60,France,Basic,2024-01-24,856
571,Yuki Mitchell,yuki.mitchell571@email.com,35,Italy,Basic,2024-01-12,369
572,Hannah Hill,hannah.hill572@email.com,63,Norway,Basic,2024-01-05,204
573,Quinn Lee,quinn.lee573@email.com,51,Belgium,Basic,2024-01-03,261
574,Noah Scott,noah.scott574@email.com,55,Hungary,Premium,2024-01-23,2482
575,Uri Carter,uri.carter575@email.com,26,Peru,Premium,2024-01-05,1238
576,Wendy Collins,wendy.collins576@email.com,52,Uruguay,Basic,2024-01-15,606
577,Mia Thomas,mia.thomas577@email.com,22,Indonesia,Premium,2024-01-25,1882
578,Yuki Mitchell,yuki.mitchell578@email.com,53,Morocco,Enterprise,2024-01-12,9036
579,Max Stewart,max.stewart579@email.com,19,South Korea,Premium,2024-01-03,2904
580,Uma Walker,uma.walker580@email.com,51,Uruguay,Premium,2024-01-28,2726
581,Noah Wright,noah.wright581@email.com,29,Canada,Enterprise,2024-01-18,7218
582,Kevin King,kevin.king582@email.com,47,Argentina,Enterprise,2024-01-02,3024
583,Quinn Hill,quinn.hill583@email.com,27,Vietnam,Premium,2024-01-12,2550
584,Tara Perez,tara.perez584@email.com,55,India,Premium,2024-01-24,2383
585,Julia Smith,julia.smith585@email.com,58,Mexico,Premium,2024-01-19,2599
586,Max Edwards,max.edwards586@email.com,54,USA,Premium,2024-01-13,1925
587,Frank Robinson,frank.robinson587@email.com,20,Venezuela,Premium,2024-01-03,2304
588,Luna Evans,luna.evans588@email.com,31,Colombia,Enterprise,2024-01-25,4907
589,Will Evans,will.evans589@email.com,51,Kenya,Basic,2024-01-16,690
590,Bob Prince,bob.prince590@email.com,25,Vietnam,Premium,2024-01-10,2109
591,Jack Taylor,jack.taylor591@email.com,58,Belgium,Basic,2024-01-23,819
592,Fiona Martinez,fiona.martinez592@email.com,20,Italy,Enterprise,2024-01-25,5764
593,Beth Perez,beth.perez593@email.com,48,Singapore,Enterprise,2024-01-03,3412
594,Ivy Wilson,ivy.wilson594@email.com,59,India,Enterprise,2024-01-02,7714
595,Penny Carter,penny.carter595@email.com,44,India,Premium,2024-01-24,2039
596,Bob Stewart,bob.stewart596@email.com,43,Brazil,Premium,2024-01-18,2620
597,Victor King,victor.king597@email.com,47,Sweden,Basic,2024-01-06,126
598,Quincy Lewis,quincy.lewis598@email.com,46,Vietnam,Enterprise,2024-01-20,7919
599,Chris Robinson,chris.robinson599@email.com,33,UK,Basic,2024-01-18,845
600,Henry Nelson,henry.nelson600@email.com,62,Venezuela,Premium,2024-01-30,1245
601,Eli Johnson,eli.johnson601@email.com,43,Brazil,Enterprise,2024-01-20,4227
602,Henry Rodriguez,henry.rodriguez602@email.com,49,Ecuador,Enterprise,2024-01-04,6642
603,Victor Harris,victor.harris603@email.com,29,Ireland,Basic,2024-01-17,969
604,Alice Baker,alice.baker604@email.com,35,Kenya,Basic,2024-01-12,120
605,Henry Martin,henry.martin605@email.com,27,France,Enterprise,2024-01-12,5778
606,Olivia Perez,olivia.perez606@email.com,22,Colombia,Basic,2024-01-02,239
607,Liam Lopez,liam.lopez607@email.com,35,France,Enterprise,2024-01-23,6276
608,Yuki Robinson,yuki.robinson608@email.com,59,Italy,Premium,2024-01-29,2097
609,Paul Baker,paul.baker609@email.com,50,Australia,Premium,2024-01-27,2869
610,Bob Taylor,bob.taylor610@email.com,26,Canada,Premium,2024-01-27,2686
611,Ian Robinson,ian.robinson611@email.com,46,Colombia,Premium,2024-01-20,1688
612,Steve Evans,steve.evans612@email.com,40,Spain,Premium,2024-01-07,1377
613,Olivia Chen,olivia.chen613@email.com,37,Finland,Premium,2024-01-16,2149
614,Diana Scott,diana.scott614@email.com,18,Japan,Premium,2024-01-06,2507
615,Julia Hall,julia.hall615@email.com,24,Singapore,Enterprise,2024-01-11,6843
616,Wendy Carter,wendy.carter616@email.com,62,Ecuador,Premium,2024-01-17,1639
617,Beth Evans,beth.evans617@email.com,40,Malaysia,Enterprise,2024-01-09,6782
618,Uma Miller,uma.miller618@email.com,48,Japan,Basic,2024-01-04,761
619,Ian Turner,ian.turner619@email.com,24,Canada,Enterprise,2024-01-11,3047
620,Steve Lopez,steve.lopez620@email.com,59,Sweden,Enterprise,2024-01-10,7849
621,Luna Young,luna.young621@email.com,27,Vietnam,Enterprise,2024-01-20,7397
622,Julia Taylor,julia.taylor622@email.com,40,Mexico,Basic,2024-01-09,966
623,Diana Walker,diana.walker623@email.com,25,Belgium,Premium,2024-01-26,1742
624,Quinn Harris,quinn.harris624@email.com,50,Colombia,Enterprise,2024-01-13,6301
625,Vera Parker,vera.parker625@email.com,38,South Africa,Enterprise,2024-01-16,8336
626,Kevin Collins,kevin.collins626@email.com,41,Israel,Basic,2024-01-09,535
627,Kate Garcia,kate.garcia627@email.com,54,Denmark,Enterprise,2024-01-10,7493
628,Diana Phillips,diana.phillips628@email.com,20,Argentina,Basic,2024-01-17,652
629,Yuki Carter,yuki.carter629@email.com,35,Turkey,Premium,2024-01-24,1164
630,Alice Perez,alice.perez630@email.com,45,Ireland,Premium,2024-01-19,2793
631,Sam Perez,sam.perez631@email.com,48,Indonesia,Premium,2024-01-15,1016
632,Jack Clark,jack.clark632@email.com,55,Ecuador,Basic,2024-01-30,162
633,Yuki Smith,yuki.smith633@email.com,42,Finland,Basic,2024-01-30,295
634,Julia Wilson,julia.wilson634@email.com,62,Switzerland,Basic,2024-01-29,370
635,Kevin Hall,kevin.hall635@email.com,40,Mexico,Basic,2024-01-03,705
636,Yann Perez,yann.perez636@email.com,63,Sweden,Premium,2024-01-16,2115
637,Diana Evans,diana.evans637@email.com,59,Israel,Premium,2024-01-29,1261
638,Eli Harris,eli.harris638@email.com,56,Malaysia,Basic,2024-01-02,905
639,Kate Thompson,kate.thompson639@email.com,45,China,Enterprise,2024-01-03,5900
640,Hannah Carter,hannah.carter640@email.com,20,Morocco,Premium,2024-01-22,1902
641,Grace Clark,grace.clark641@email.com,60,Kenya,Enterprise,2024-01-29,7207
642,Beth Prince,beth.prince642@email.com,48,Austria,Enterprise,2024-01-14,7797
643,Quincy White,quincy.white643@email.com,36,Vietnam,Premium,2024-01-29,1122
644,Vera Turner,vera.turner644@email.com,27,Chile,Enterprise,2024-01-08,4609
645,Uma Collins,uma.collins645@email.com,63,Portugal,Premium,2024-01-04,1550
646,Fiona Young,fiona.young646@email.com,39,Czech Republic,Premium,2024-01-06,1215
647,Uma Baker,uma.baker647@email.com,18,Philippines,Premium,2024-01-17,2716
648,Luna Adams,luna.adams648@email.com,34,Germany,Basic,2024-01-26,989
649,Steve Mitchell,steve.mitchell649@email.com,42,Kenya,Enterprise,2024-01-01,9206
650,Julia Lopez,julia.lopez650@email.com,44,Poland,Enterprise,2024-01-11,5625
651,Chris Edwards,chris.edwards651@email.com,52,Brazil,Basic,2024-01-30,380
652,Grace Prince,grace.prince652@email.com,55,Malaysia,Basic,2024-01-18,306
653,Uma Jackson,uma.jackson653@email.com,42,Egypt,Basic,2024-01-30,603
654,Wendy Young,wendy.young654@email.com,51,New Zealand,Basic,2024-01-10,906
655,Will Gonzalez,will.gonzalez655@email.com,18,Australia,Basic,2024-01-12,915
656,Kate Perez,kate.perez656@email.com,55,Kenya,Premium,2024-01-08,1328
657,Max Hall,max.hall657@email.com,43,Vietnam,Enterprise,2024-01-22,9942
658,Quincy Perez,quincy.perez658@email.com,37,Morocco,Premium,2024-01-21,2631
659,Steve Perez,steve.perez659@email.com,52,Spain,Premium,2024-01-04,1260
660,Xavier Robinson,xavier.robinson660@email.com,22,Venezuela,Premium,2024-01-13,1996
661,Chris Garcia,chris.garcia661@email.com,21,Germany,Basic,2024-01-04,751
662,Olivia Brown,olivia.brown662@email.com,60,Russia,Premium,2024-01-30,2533
663,Will Davis,will.davis663@email.com,24,Sweden,Premium,2024-01-13,1878
664,Ivy Mitchell,ivy.mitchell664@email.com,36,France,Enterprise,2024-01-19,8907
665,Kevin Adams,kevin.adams665@email.com,24,Venezuela,Enterprise,2024-01-04,9495
666,Charlie Brown,charlie.brown666@email.com,51,France,Basic,2024-01-14,256
667,Mia Green,mia.green667@email.com,31,Belgium,Premium,2024-01-31,1662
668,Oscar Baker,oscar.baker668@email.com,49,France,Premium,2024-01-28,2937
669,Ivy Lopez,ivy.lopez669@email.com,44,Philippines,Basic,2024-01-13,683
670,Eve Parker,eve.parker670@email.com,44,South Africa,Basic,2024-01-10,832
671,Bob Baker,bob.baker671@email.com,65,Ecuador,Basic,2024-01-25,832
672,Zoe Turner,zoe.turner672@email.com,46,Australia,Enterprise,2024-01-27,7689
673,Hannah Lewis,hannah.lewis673@email.com,49,Netherlands,Enterprise,2024-01-27,6311
674,Ivy Lewis,ivy.lewis674@email.com,21,India,Enterprise,2024-01-03,7715
675,Kevin Turner,kevin.turner675@email.com,38,Singapore,Enterprise,2024-01-27,4006
676,Max Wright,max.wright676@email.com,41,China,Enterprise,2024-01-21,9458
677,Henry Hill,henry.hill677@email.com,20,Ecuador,Basic,2024-01-30,727
678,Steve Adams,steve.adams678@email.com,31,Japan,Basic,2024-01-24,509
679,Tara Phillips,tara.phillips679@email.com,53,Indonesia,Premium,2024-01-20,1984
680,Grace Wright,grace.wright680@email.com,34,Malaysia,Enterprise,2024-01-24,5332
681,Quinn Prince,quinn.prince681@email.com,33,Egypt,Basic,2024-01-05,907
682,Zoe Wilson,zoe.wilson682@email.com,48,Switzerland,Basic,2024-01-29,885
683,Frank Edwards,frank.edwards683@email.com,22,Australia,Basic,2024-01-13,419
684,Diana Martinez,diana.martinez684@email.com,27,USA,Premium,2024-01-09,2490
685,Rose Lee,rose.lee685@email.com,55,UK,Basic,2024-01-20,676
686,Xara Evans,xara.evans686@email.com,42,Vietnam,Enterprise,2024-01-21,4308
687,Kate Baker,kate.baker687@email.com,44,Venezuela,Premium,2024-01-01,2208
688,Dana Brown,dana.brown688@email.com,52,Indonesia,Enterprise,2024-01-20,6816
689,Charlie Phillips,charlie.phillips689@email.com,29,South Korea,Basic,2024-01-16,103
690,Noah Johnson,noah.johnson690@email.com,39,Hungary,Basic,2024-01-16,902
691,Sam Stewart,sam.stewart691@email.com,45,Argentina,Enterprise,2024-01-19,6019
692,George Anderson,george.anderson692@email.com,59,Mexico,Basic,2024-01-09,213
693,Diana White,diana.white693@email.com,19,Ecuador,Basic,2024-01-23,845
694,Vera Anderson,vera.anderson694@email.com,58,Peru,Enterprise,2024-01-23,7727
695,Grace Wright,grace.wright695@email.com,20,Ireland,Enterprise,2024-01-12,9660
696,Victor Smith,victor.smith696@email.com,39,South Africa,Premium,2024-01-01,1011
697,Rose Gonzalez,rose.gonzalez697@email.com,42,Thailand,Enterprise,2024-01-09,3262
698,Ian Carter,ian.carter698@email.com,59,Australia,Premium,2024-01-17,2063
699,Luna Collins,luna.collins699@email.com,62,Canada,Enterprise,2024-01-06,6126
700,Wendy Anderson,wendy.anderson700@email.com,54,Switzerland,Basic,2024-01-02,383
701,Bob Carter,bob.carter701@email.com,32,Kenya,Premium,2024-01-09,1258
702,Tina Mitchell,tina.mitchell702@email.com,34,Finland,Enterprise,2024-01-10,4276
703,Eli Hill,eli.hill703@email.com,61,South Korea,Basic,2024-01-04,527
704,Tara Smith,tara.smith704@email.com,26,Greece,Premium,2024-01-29,2309
705,Ivy Clark,ivy.clark705@email.com,32,Hungary,Enterprise,2024-01-01,3748
706,Xavier Walker,xavier.walker706@email.com,45,Sweden,Enterprise,2024-01-30,6184
707,Zara Johnson,zara.johnson707@email.com,64,Egypt,Premium,2024-01-19,2809
708,Max Miller,max.miller708@email.com,38,Indonesia,Basic,2024-01-09,620
709,Ian Johnson,ian.johnson709@email.com,27,Russia,Enterprise,2024-01-10,3698
710,Liam Scott,liam.scott710@email.com,20,Kenya,Basic,2024-01-16,566
711,Bob Gonzalez,bob.gonzalez711@email.com,48,Peru,Enterprise,2024-01-20,8963
712,Xavier Edwards,xavier.edwards712@email.com,61,Canada,Basic,2024-01-30,358
713,Quinn Turner,quinn.turner713@email.com,61,Switzerland,Enterprise,2024-01-21,5066
714,Zara Robinson,zara.robinson714@email.com,65,Malaysia,Basic,2024-01-24,774
715,Eli Thompson,eli.thompson715@email.com,48,Sweden,Basic,2024-01-28,356
716,Henry Perez,henry.perez716@email.com,18,Australia,Premium,2024-01-03,1601
717,Uri Phillips,uri.phillips717@email.com,50,Australia,Basic,2024-01-30,960
718,Fiona Garcia,fiona.garcia718@email.com,64,France,Enterprise,2024-01-05,6237
719,Will Baker,will.baker719@email.com,43,Poland,Basic,2024-01-02,355
720,Quincy Taylor,quincy.taylor720@email.com,44,Thailand,Enterprise,2024-01-28,9541
721,Hannah Clark,hannah.clark721@email.com,49,Hungary,Premium,2024-01-18,2304
722,Jack Thompson,jack.thompson722@email.com,21,Poland,Basic,2024-01-02,481
723,Eve Moore,eve.moore723@email.com,49,Uruguay,Enterprise,2024-01-01,9424
724,George Edwards,george.edwards724@email.com,57,Belgium,Basic,2024-01-28,512
725,Vera Lewis,vera.lewis725@email.com,49,Turkey,Enterprise,2024-01-24,8800
726,Xara Campbell,xara.campbell726@email.com,45,Malaysia,Premium,2024-01-23,1710
727,Hannah Evans,hannah.evans727@email.com,29,Czech Republic,Basic,2024-01-19,504
728,Paul Young,paul.young728@email.com,59,Denmark,Premium,2024-01-23,2704
729,Chris Walker,chris.walker729@email.com,64,Kenya,Enterprise,2024-01-20,3583
730,Vera Moore,vera.moore730@email.com,42,Israel,Enterprise,2024-01-02,3824
731,Will Evans,will.evans731@email.com,54,Hungary,Premium,2024-01-27,2479
732,Penny Chen,penny.chen732@email.com,46,Mexico,Premium,2024-01-01,1270
733,Rachel Davis,rachel.davis733@email.com,41,Poland,Enterprise,2024-01-16,6222
734,Alex Collins,alex.collins734@email.com,40,Turkey,Enterprise,2024-01-03,4982
735,Luna Mitchell,luna.mitchell735@email.com,34,USA,Basic,2024-01-11,132
736,Xara Chen,xara.chen736@email.com,61,Nigeria,Premium,2024-01-28,1036
737,Ian Chen,ian.chen737@email.com,65,Czech Republic,Enterprise,2024-01-11,6961
738,Noah Scott,noah.scott738@email.com,60,Australia,Enterprise,2024-01-10,6797
739,Liam Clark,liam.clark739@email.com,46,Austria,Basic,2024-01-21,423
740,Rose Garcia,rose.garcia740@email.com,28,Greece,Basic,2024-01-19,519
741,Jack Moore,jack.moore741@email.com,58,Russia,Basic,2024-01-17,953
742,Luna Evans,luna.evans742@email.com,46,India,Basic,2024-01-15,114
743,Zara Gonzalez,zara.gonzalez743@email.com,54,Uruguay,Enterprise,2024-01-21,3314
744,Fiona Harris,fiona.harris744@email.com,32,Israel,Premium,2024-01-15,1094
745,Uma Miller,uma.miller745@email.com,22,Turkey,Basic,2024-01-21,546
746,Dana Moore,dana.moore746@email.com,21,Portugal,Basic,2024-01-07,428
747,Luna Carter,luna.carter747@email.com,36,Venezuela,Enterprise,2024-01-10,3846
748,Victor Nelson,victor.nelson748@email.com,54,China,Basic,2024-01-06,684
749,Frank Brown,frank.brown749@email.com,37,Japan,Basic,2024-01-22,906
750,Ivy Phillips,ivy.phillips750@email.com,58,Greece,Premium,2024-01-21,1683
751,Jack Evans,jack.evans751@email.com,65,Brazil,Basic,2024-01-16,929
752,Noah Lewis,noah.lewis752@email.com,57,Australia,Basic,2024-01-09,820
753,Victor Baker,victor.baker753@email.com,63,Chile,Basic,2024-01-05,115
754,Henry Baker,henry.baker754@email.com,33,Netherlands,Enterprise,2024-01-10,9362
755,Yann Wilson,yann.wilson755@email.com,49,Italy,Premium,2024-01-10,1134
756,George Edwards,george.edwards756@email.com,53,Sweden,Basic,2024-01-19,925
757,Steve Roberts,steve.roberts757@email.com,56,France,Enterprise,2024-01-28,5324
758,Ian Mitchell,ian.mitchell758@email.com,53,Canada,Premium,2024-01-01,1931
759,Tina Thompson,tina.thompson759@email.com,56,Spain,Enterprise,2024-01-22,4103
760,Wendy Lee,wendy.lee760@email.com,53,Singapore,Enterprise,2024-01-20,6582
761,Chris White,chris.white761@email.com,38,Venezuela,Premium,2024-01-09,1967
762,Zoe Turner,zoe.turner762@email.com,42,Brazil,Basic,2024-01-19,881
763,Noah Chen,noah.chen763@email.com,32,Singapore,Premium,2024-01-15,1980
764,Olivia Mitchell,olivia.mitchell764@email.com,54,Vietnam,Basic,2024-01-05,736
765,Fiona Allen,fiona.allen765@email.com,35,Uruguay,Basic,2024-01-03,284
766,Alex Lee,alex.lee766@email.com,43,Morocco,Basic,2024-01-04,197
767,Charlie Stewart,charlie.stewart767@email.com,65,Czech Republic,Premium,2024-01-30,2714
768,Tara Johnson,tara.johnson768@email.com,22,Vietnam,Premium,2024-01-17,1902
769,Will Martinez,will.martinez769@email.com,44,Morocco,Basic,2024-01-22,175
770,Grace Lee,grace.lee770@email.com,18,Canada,Premium,2024-01-28,1600
771,Zoe Hall,zoe.hall771@email.com,35,Turkey,Enterprise,2024-01-05,6375
772,Tara Carter,tara.carter772@email.com,49,Japan,Premium,2024-01-26,2077
773,Mia Evans,mia.evans773@email.com,53,Australia,Premium,2024-01-12,1007
774,Tara Harris,tara.harris774@email.com,30,USA,Basic,2024-01-12,569
775,Wendy Hall,wendy.hall775@email.com,62,Brazil,Basic,2024-01-25,144
776,Grace Allen,grace.allen776@email.com,50,Israel,Basic,2024-01-07,878
777,Kevin Wright,kevin.wright777@email.com,59,Belgium,Enterprise,2024-01-21,8929
778,Quinn Edwards,quinn.edwards778@email.com,23,Singapore,Premium,2024-01-31,2017
779,Tina Lee,tina.lee779@email.com,60,Peru,Enterprise,2024-01-14,5650
780,Yann Walker,yann.walker780@email.com,50,Belgium,Basic,2024-01-07,287
781,Penny Thomas,penny.thomas781@email.com,32,South Korea,Enterprise,2024-01-21,3218
782,Victor Moore,victor.moore782@email.com,49,France,Basic,2024-01-17,650
783,Rachel Collins,rachel.collins783@email.com,41,New Zealand,Basic,2024-01-04,942
784,Mia Stewart,mia.stewart784@email.com,54,Sweden,Enterprise,2024-01-03,5803
785,Uri Wright,uri.wright785@email.com,36,Austria,Premium,2024-01-15,1963
786,Tara Stewart,tara.stewart786@email.com,35,Thailand,Premium,2024-01-02,1931
787,Uri Nelson,uri.nelson787@email.com,59,Peru,Premium,2024-01-27,2527
788,Xara King,xara.king788@email.com,36,Italy,Premium,2024-01-05,2163
789,Tina Allen,tina.allen789@email.com,49,Italy,Basic,2024-01-20,327
790,Dana Wilson,dana.wilson790@email.com,38,Portugal,Basic,2024-01-31,344
791,Yann White,yann.white791@email.com,59,Vietnam,Premium,2024-01-20,2556
792,Hannah Allen,hannah.allen792@email.com,49,Thailand,Enterprise,2024-01-21,9833
793,Luna Harris,luna.harris793@email.com,37,Belgium,Basic,2024-01-15,123
794,Sam Hall,sam.hall794@email.com,64,Uruguay,Premium,2024-01-26,1880
795,Ian Lee,ian.lee795@email.com,40,Kenya,Basic,2024-01-07,290
796,Olivia Garcia,olivia.garcia796@email.com,59,Colombia,Basic,2024-01-23,738
797,Luna Nelson,luna.nelson797@email.com,53,Australia,Premium,2024-01-03,2608
798,Ian Walker,ian.walker798@email.com,33,Thailand,Premium,2024-01-05,1234
799,Max Collins,max.collins799@email.com,65,South Korea,Premium,2024-01-18,2434
800,Liam Harris,liam.harris800@email.com,26,India,Enterprise,2024-01-05,4678
801,Paul Clark,paul.clark801@email.com,22,China,Basic,2024-01-23,276
802,Chris Evans,chris.evans802@email.com,18,India,Enterprise,2024-01-11,4820
803,Uri Parker,uri.parker803@email.com,23,China,Premium,2024-01-20,1715
804,Zoe Baker,zoe.baker804@email.com,56,Austria,Basic,2024-01-06,340
805,Eve Johnson,eve.johnson805@email.com,21,Norway,Basic,2024-01-03,234
806,Will Perez,will.perez806@email.com,53,Vietnam,Premium,2024-01-02,1730
807,Diana Nelson,diana.nelson807@email.com,18,Philippines,Premium,2024-01-14,2503
808,Rose Chen,rose.chen808@email.com,36,China,Enterprise,2024-01-25,5262
809,Henry Harris,henry.harris809@email.com,34,China,Basic,2024-01-17,381
810,Frank Baker,frank.baker810@email.com,33,Ireland,Basic,2024-01-07,593
811,Paul Walker,paul.walker811@email.com,27,Canada,Premium,2024-01-29,2415
812,Zoe Wright,zoe.wright812@email.com,61,South Korea,Premium,2024-01-08,1424
813,Kate Robinson,kate.robinson813@email.com,25,Czech Republic,Premium,2024-01-22,2600
814,Hannah Allen,hannah.allen814@email.com,56,Hungary,Basic,2024-01-11,443
815,Charlie Thomas,charlie.thomas815@email.com,60,Australia,Premium,2024-01-09,1008
816,Hannah Wilson,hannah.wilson816@email.com,63,France,Enterprise,2024-01-03,5791
817,Vera Miller,vera.miller817@email.com,55,Malaysia,Premium,2024-01-20,2648
818,Frank Evans,frank.evans818@email.com,28,Italy,Enterprise,2024-01-17,8570
819,Rachel Evans,rachel.evans819@email.com,46,Venezuela,Basic,2024-01-14,610
820,Yuki Lewis,yuki.lewis820@email.com,30,Sweden,Enterprise,2024-01-13,3092
821,Wendy Green,wendy.green821@email.com,48,Israel,Premium,2024-01-03,1495
822,Kevin Green,kevin.green822@email.com,64,Canada,Enterprise,2024-01-14,9710
823,Kate Prince,kate.prince823@email.com,19,Czech Republic,Premium,2024-01-20,1897
824,Liam Mitchell,liam.mitchell824@email.com,47,Singapore,Basic,2024-01-20,834
825,Will White,will.white825@email.com,42,South Korea,Premium,2024-01-31,1791
826,Quinn Collins,quinn.collins826@email.com,32,Greece,Basic,2024-01-07,324
827,Yuki Davis,yuki.davis827@email.com,19,India,Enterprise,2024-01-11,9306
828,George Evans,george.evans828@email.com,31,Singapore,Basic,2024-01-07,757
829,Grace Clark,grace.clark829@email.com,57,Israel,Premium,2024-01-27,2289
830,Kevin Taylor,kevin.taylor830@email.com,35,Russia,Enterprise,2024-01-23,8679
831,Paul Jackson,paul.jackson831@email.com,57,New Zealand,Enterprise,2024-01-31,8217
832,Dana Wilson,dana.wilson832@email.com,35,Ecuador,Premium,2024-01-22,2663
833,Luna Taylor,luna.taylor833@email.com,39,Belgium,Premium,2024-01-26,1539
834,Quinn Martinez,quinn.martinez834@email.com,52,Netherlands,Basic,2024-01-12,309
835,Oscar Scott,oscar.scott835@email.com,35,Chile,Basic,2024-01-11,462
836,Quinn White,quinn.white836@email.com,55,India,Enterprise,2024-01-03,8661
837,Frank Thompson,frank.thompson837@email.com,46,Morocco,Basic,2024-01-22,168
838,Uri Davis,uri.davis838@email.com,43,Peru,Basic,2024-01-13,472
839,Tara White,tara.white839@email.com,50,Russia,Premium,2024-01-21,2742
840,Julia Harris,julia.harris840@email.com,35,Netherlands,Premium,2024-01-22,2571
841,Ian Mitchell,ian.mitchell841@email.com,61,Venezuela,Premium,2024-01-30,2955
842,Vera Edwards,vera.edwards842@email.com,28,Norway,Enterprise,2024-01-04,9399
843,Hannah Brown,hannah.brown843@email.com,29,Denmark,Premium,2024-01-03,2664
844,Wendy Martin,wendy.martin844@email.com,49,Ireland,Premium,2024-01-20,2285
845,Yann Adams,yann.adams845@email.com,35,South Africa,Enterprise,2024-01-06,9135
846,Zara Smith,zara.smith846@email.com,20,Argentina,Enterprise,2024-01-09,7725
847,Xara Evans,xara.evans847@email.com,31,Israel,Basic,2024-01-12,928
848,Xavier Phillips,xavier.phillips848@email.com,45,France,Premium,2024-01-27,2733
849,Kate Garcia,kate.garcia849@email.com,36,Peru,Premium,2024-01-31,1306
850,Vera Smith,vera.smith850@email.com,33,Argentina,Enterprise,2024-01-07,6661
851,Yuki Walker,yuki.walker851@email.com,60,Israel,Enterprise,2024-01-23,5504
852,Zara Smith,zara.smith852@email.com,62,Belgium,Enterprise,2024-01-31,5884
853,Yann White,yann.white853@email.com,50,Peru,Premium,2024-01-14,1554
854,Julia Miller,julia.miller854@email.com,35,Ecuador,Basic,2024-01-08,669
855,Zara Jackson,zara.jackson855@email.com,49,Vietnam,Premium,2024-01-02,2187
856,Fiona Anderson,fiona.anderson856@email.com,47,Colombia,Basic,2024-01-25,431
857,Frank Roberts,frank.roberts857@email.com,28,Peru,Basic,2024-01-30,339
858,Tara Martin,tara.martin858@email.com,21,Israel,Basic,2024-01-25,966
859,Oscar Lee,oscar.lee859@email.com,40,Indonesia,Premium,2024-01-06,2573
860,Chris Rodriguez,chris.rodriguez860@email.com,33,Venezuela,Premium,2024-01-17,2729
861,Olivia Walker,olivia.walker861@email.com,21,Chile,Premium,2024-01-15,2197
862,Wendy Wilson,wendy.wilson862@email.com,49,Germany,Enterprise,2024-01-10,7383
863,Charlie Adams,charlie.adams863@email.com,61,USA,Basic,2024-01-19,438
864,Kevin Jackson,kevin.jackson864@email.com,50,South Africa,Enterprise,2024-01-11,7218
865,Kevin Roberts,kevin.roberts865@email.com,24,Russia,Basic,2024-01-04,711
866,Dana Miller,dana.miller866@email.com,63,Chile,Premium,2024-01-26,1268
867,Eli Mitchell,eli.mitchell867@email.com,58,Brazil,Premium,2024-01-18,1587
868,Nina Thompson,nina.thompson868@email.com,58,Mexico,Enterprise,2024-01-22,4425
869,Tina Miller,tina.miller869@email.com,37,Czech Republic,Basic,2024-01-23,287
870,Zara Adams,zara.adams870@email.com,18,China,Premium,2024-01-28,1120
871,Yann Davis,yann.davis871@email.com,56,Israel,Premium,2024-01-17,2556
872,Ian Harris,ian.harris872@email.com,31,Nigeria,Enterprise,2024-01-09,5261
873,Yuki Lopez,yuki.lopez873@email.com,18,Malaysia,Basic,2024-01-26,687
874,Rose Chen,rose.chen874@email.com,41,Uruguay,Premium,2024-01-31,2699
875,Grace Brown,grace.brown875@email.com,47,Czech Republic,Enterprise,2024-01-30,9067
876,Frank Hall,frank.hall876@email.com,21,South Africa,Premium,2024-01-06,2765
877,Yann Prince,yann.prince877@email.com,33,Mexico,Enterprise,2024-01-06,8232
878,Vera Martin,vera.martin878@email.com,27,Czech Republic,Enterprise,2024-01-05,6453
879,Zara Lewis,zara.lewis879@email.com,64,New Zealand,Enterprise,2024-01-09,9832
880,Bob Garcia,bob.garcia880@email.com,59,Norway,Basic,2024-01-18,959
881,Eve Hall,eve.hall881@email.com,60,Czech Republic,Enterprise,2024-01-11,4110
882,Tina Evans,tina.evans882@email.com,31,Germany,Premium,2024-01-20,2686
883,Bob Allen,bob.allen883@email.com,22,Belgium,Premium,2024-01-05,1215
884,Grace Parker,grace.parker884@email.com,20,Ireland,Premium,2024-01-19,2624
885,Uri Chen,uri.chen885@email.com,36,Peru,Enterprise,2024-01-08,4499
886,Yuki Roberts,yuki.roberts886@email.com,64,Argentina,Basic,2024-01-15,280
887,Tina Prince,tina.prince887@email.com,27,Denmark,Premium,2024-01-01,2273
888,Xara Nelson,xara.nelson888@email.com,21,Czech Republic,Premium,2024-01-17,1440
889,Wendy Davis,wendy.davis889@email.com,42,Colombia,Premium,2024-01-23,2891
890,Liam Turner,liam.turner890@email.com,21,Italy,Enterprise,2024-01-10,7995
891,Liam Chen,liam.chen891@email.com,23,UK,Premium,2024-01-05,2694
892,Alex Green,alex.green892@email.com,18,Chile,Enterprise,2024-01-21,9321
893,Ivy Johnson,ivy.johnson893@email.com,27,Morocco,Enterprise,2024-01-21,6746
894,Fiona Taylor,fiona.taylor894@email.com,41,South Korea,Basic,2024-01-22,609
895,George Collins,george.collins895@email.com,59,Israel,Premium,2024-01-25,1396
896,Penny Parker,penny.parker896@email.com,45,Germany,Enterprise,2024-01-06,9035
897,Alice Harris,alice.harris897@email.com,57,Norway,Basic,2024-01-23,673
898,Luna Evans,luna.evans898@email.com,20,Thailand,Basic,2024-01-15,378
899,Rachel Rodriguez,rachel.rodriguez899@email.com,50,Philippines,Enterprise,2024-01-30,5439
900,Ian Allen,ian.allen900@email.com,60,New Zealand,Basic,2024-01-29,581
901,Olivia Nelson,olivia.nelson901@email.com,30,Egypt,Premium,2024-01-05,2596
902,Grace Adams,grace.adams902@email.com,64,Italy,Basic,2024-01-21,331
903,Uri Johnson,uri.johnson903@email.com,46,Egypt,Premium,2024-01-09,1013
904,Rachel Allen,rachel.allen904@email.com,23,India,Premium,2024-01-06,2512
905,Ian Hall,ian.hall905@email.com,30,Peru,Enterprise,2024-01-17,7695
906,Quincy Lopez,quincy.lopez906@email.com,34,Mexico,Basic,2024-01-27,393
907,Paul Edwards,paul.edwards907@email.com,29,Morocco,Basic,2024-01-15,523
908,Kevin Prince,kevin.prince908@email.com,58,Finland,Premium,2024-01-19,1690
909,Oscar Roberts,oscar.roberts909@email.com,23,Colombia,Basic,2024-01-29,196
910,Jack Clark,jack.clark910@email.com,22,Venezuela,Enterprise,2024-01-03,7173
911,Ian Wright,ian.wright911@email.com,27,Finland,Enterprise,2024-01-24,5629
912,Noah Stewart,noah.stewart912@email.com,26,South Africa,Basic,2024-01-10,644
913,Henry Turner,henry.turner913@email.com,40,Turkey,Basic,2024-01-25,140
914,Xara Allen,xara.allen914@email.com,51,Malaysia,Basic,2024-01-13,295
915,Dana Carter,dana.carter915@email.com,40,Portugal,Premium,2024-01-22,1260
916,Bob Campbell,bob.campbell916@email.com,44,Hungary,Enterprise,2024-01-16,7912
917,Dana Taylor,dana.taylor917@email.com,49,Egypt,Premium,2024-01-02,1016
918,Chris Moore,chris.moore918@email.com,59,Argentina,Enterprise,2024-01-24,7941
919,Rachel Hall,rachel.hall919@email.com,30,Norway,Basic,2024-01-26,503
920,Rose Perez,rose.perez920@email.com,52,Netherlands,Enterprise,2024-01-08,7500
921,Ian Thomas,ian.thomas921@email.com,40,USA,Enterprise,2024-01-28,3576
922,Luna Davis,luna.davis922@email.com,22,Egypt,Basic,2024-01-12,545
923,Diana Brown,diana.brown923@email.com,45,France,Enterprise,2024-01-01,6907
924,Uma Parker,uma.parker924@email.com,61,Venezuela,Enterprise,2024-01-01,3342
925,Rose Garcia,rose.garcia925@email.com,24,Spain,Enterprise,2024-01-14,6775
926,Zoe Johnson,zoe.johnson926@email.com,31,UK,Basic,2024-01-23,610
927,Charlie Harris,charlie.harris927@email.com,53,Hungary,Enterprise,2024-01-17,8115
928,Paul Parker,paul.parker928@email.com,40,Ireland,Basic,2024-01-21,431
929,Max Smith,max.smith929@email.com,29,New Zealand,Enterprise,2024-01-21,8579
930,Nina Wilson,nina.wilson930@email.com,25,Netherlands,Enterprise,2024-01-21,9668
931,Olivia Martinez,olivia.martinez931@email.com,42,Italy,Basic,2024-01-04,929
932,Zoe Rodriguez,zoe.rodriguez932@email.com,19,Ecuador,Premium,2024-01-08,1029
933,Frank Young,frank.young933@email.com,46,Uruguay,Enterprise,2024-01-27,9708
934,Nina Taylor,nina.taylor934@email.com,35,Canada,Premium,2024-01-18,2986
935,Alex Mitchell,alex.mitchell935@email.com,42,New Zealand,Enterprise,2024-01-12,8329
936,Victor Stewart,victor.stewart936@email.com,34,Austria,Basic,2024-01-10,390
937,George Scott,george.scott937@email.com,53,Morocco,Premium,2024-01-06,1583
938,Xavier Parker,xavier.parker938@email.com,20,Malaysia,Enterprise,2024-01-09,4896
939,Wendy Parker,wendy.parker939@email.com,61,South Korea,Basic,2024-01-14,642
940,Rose Wilson,rose.wilson940@email.com,24,Mexico,Premium,2024-01-13,1605
941,Nina Mitchell,nina.mitchell941@email.com,22,Ireland,Premium,2024-01-26,1615
942,Dana Miller,dana.miller942@email.com,26,Brazil,Basic,2024-01-30,673
943,Olivia Wilson,olivia.wilson943@email.com,26,Spain,Basic,2024-01-16,997
944,Fiona Robinson,fiona.robinson944@email.com,26,Chile,Premium,2024-01-09,2166
945,Ivy Perez,ivy.perez945@email.com,41,Australia,Premium,2024-01-03,1706
946,Rose Turner,rose.turner946@email.com,52,Germany,Basic,2024-01-18,315
947,Rachel Adams,rachel.adams947@email.com,44,USA,Basic,2024-01-11,822
948,Nina Thomas,nina.thomas948@email.com,21,New Zealand,Premium,2024-01-15,2836
949,Oscar Clark,oscar.clark949@email.com,31,Russia,Basic,2024-01-20,130
950,Quinn Green,quinn.green950@email.com,19,Singapore,Basic,2024-01-18,806
951,Diana Young,diana.young951@email.com,27,Thailand,Basic,2024-01-22,348
952,Dana Nelson,dana.nelson952@email.com,51,South Africa,Basic,2024-01-28,240
953,Oscar Clark,oscar.clark953@email.com,20,New Zealand,Premium,2024-01-12,2131
954,Dana Brown,dana.brown954@email.com,58,Egypt,Basic,2024-01-17,920
955,Luna Scott,luna.scott955@email.com,48,India,Enterprise,2024-01-03,3771
956,Nina Garcia,nina.garcia956@email.com,18,Canada,Basic,2024-01-28,425
957,Noah Thomas,noah.thomas957@email.com,57,Thailand,Enterprise,2024-01-25,5619
958,Noah Lopez,noah.lopez958@email.com,26,Egypt,Premium,2024-01-26,1736
959,Bob Edwards,bob.edwards959@email.com,46,South Korea,Premium,2024-01-14,2714
960,Paul Moore,paul.moore960@email.com,63,Australia,Basic,2024-01-08,232
961,Beth Hill,beth.hill961@email.com,33,New Zealand,Premium,2024-01-15,2568
962,Fiona Lewis,fiona.lewis962@email.com,40,Colombia,Enterprise,2024-01-05,8065
963,Beth Evans,beth.evans963@email.com,44,Colombia,Basic,2024-01-15,211
964,Nina Harris,nina.harris964@email.com,65,Philippines,Premium,2024-01-25,2786
965,Hannah Mitchell,hannah.mitchell965@email.com,60,Uruguay,Premium,2024-01-09,2262
966,Wendy Moore,wendy.moore966@email.com,34,USA,Enterprise,2024-01-09,3548
967,Eve Jackson,eve.jackson967@email.com,37,Argentina,Basic,2024-01-26,519
968,Eli Taylor,eli.taylor968@email.com,23,Thailand,Enterprise,2024-01-12,6400
969,Quincy Chen,quincy.chen969@email.com,27,Austria,Premium,2024-01-13,1570
970,Paul Green,paul.green970@email.com,27,Venezuela,Enterprise,2024-01-13,8081
971,Wendy Martin,wendy.martin971@email.com,25,Italy,Premium,2024-01-21,1021
972,Rose Roberts,rose.roberts972@email.com,49,Belgium,Premium,2024-01-11,2611
973,Alex Wright,alex.wright973@email.com,26,Colombia,Basic,2024-01-09,302
974,Uri Martinez,uri.martinez974@email.com,19,Ireland,Basic,2024-01-16,494
975,Liam Harris,liam.harris975@email.com,62,Australia,Enterprise,2024-01-28,6374
976,Alex Hill,alex.hill976@email.com,57,China,Premium,2024-01-06,2566
977,Penny Moore,penny.moore977@email.com,55,Norway,Basic,2024-01-21,743
978,Tina Wilson,tina.wilson978@email.com,63,Hungary,Premium,2024-01-24,1181
979,Jack Campbell,jack.campbell979@email.com,30,Colombia,Basic,2024-01-30,843
980,Hannah Thomas,hannah.thomas980@email.com,64,Hungary,Premium,2024-01-30,1419
981,Diana Clark,diana.clark981@email.com,33,India,Basic,2024-01-19,803
982,Max Taylor,max.taylor982@email.com,48,Venezuela,Enterprise,2024-01-01,4418
983,Fiona Wright,fiona.wright983@email.com,39,Canada,Enterprise,2024-01-16,3912
984,Jack Parker,jack.parker984@email.com,54,Switzerland,Enterprise,2024-01-08,7333
985,Yuki Thompson,yuki.thompson985@email.com,30,Belgium,Enterprise,2024-01-10,7655
986,Jack Campbell,jack.campbell986@email.com,65,Philippines,Basic,2024-01-09,112
987,Beth Miller,beth.miller987@email.com,46,Japan,Enterprise,2024-01-26,5058
988,Victor Moore,victor.moore988@email.com,22,New Zealand,Premium,2024-01-17,1269
989,Yuki Thomas,yuki.thomas989@email.com,54,Nigeria,Enterprise,2024-01-20,6131
990,Diana Wright,diana.wright990@email.com,24,Uruguay,Premium,2024-01-19,1806
991,Ivy Miller,ivy.miller991@email.com,58,Norway,Enterprise,2024-01-07,5448
992,Ivy Martin,ivy.martin992@email.com,64,Denmark,Basic,2024-01-10,142
993,Kate Martinez,kate.martinez993@email.com,21,Australia,Enterprise,2024-01-13,7050
994,Kevin Edwards,kevin.edwards994@email.com,42,UK,Basic,2024-01-10,431
995,Rachel Scott,rachel.scott995@email.com,61,Chile,Enterprise,2024-01-17,9764
996,Oscar Stewart,oscar.stewart996@email.com,47,France,Enterprise,2024-01-09,4677
997,Julia Campbell,julia.campbell997@email.com,20,Canada,Premium,2024-01-30,1267
998,Rose Lewis,rose.lewis998@email.com,43,Norway,Premium,2024-01-10,1606
999,Quincy Garcia,quincy.garcia999@email.com,27,Denmark,Premium,2024-01-27,1025
1000,Will Nelson,will.nelson1000@email.com,48,Venezuela,Basic,2024-01-18,337
